Nombre,Teléfono,Dirección,Website,Rating,Reseñas,Google Maps Link
Camper cross taller de motocicletas,300 4248738,"Cra. 46 #4054, La Candelaria, Medellín, La Candelaria, Medellín, Antioquia, Colombia",https://m.facebook.com/100048586582723/about/,4.9,94,https://maps.google.com/?cid=12666999543941226424&g_mp=Cidnb29nbGUubWFwcy5wbGFjZXMudjEuUGxhY2VzLlNlYXJjaFRleHQQAhgEIAA
El Taller Medellín y DCM desengrasante profesional,316 4317678,"Carrera 44, Av. Niquitao #41 A - 62, La Candelaria, Medellín, La Candelaria, Medellín, Antioquia, Colombia",https://instagram.com/eltallermedellin?igshid=YmMyMTA2M2Y=,5.0,22,https://maps.google.com/?cid=8934769200641916345&g_mp=Cidnb29nbGUubWFwcy5wbGFjZXMudjEuUGxhY2VzLlNlYXJjaFRleHQQAhgEIAA
El amigo de las motos,316 5446054,"Cra. 52 # 60-21, La Candelaria, Medellín, La Candelaria, Medellín, Antioquia, Colombia",No disponible,5.0,25,https://maps.google.com/?cid=7139207395767335884&g_mp=Cidnb29nbGUubWFwcy5wbGFjZXMudjEuUGxhY2VzLlNlYXJjaFRleHQQAhgEIAA
Dairo Motos Medellín,310 4227143,"Cra. 38 # 40-53, El Salvador, Medellín, Buenos Aires, Medellín, Antioquia, Colombia",https://www.facebook.com/profile.php?id=100015727140534,4.8,108,https://maps.google.com/?cid=2179839138358576879&g_mp=Cidnb29nbGUubWFwcy5wbGFjZXMudjEuUGxhY2VzLlNlYXJjaFRleHQQAhgEIAA
Mecánico de moto a domicilio 24/7,322 5389589,"0, La Candelaria, Medellín, La Candelaria, Medellín, Antioquia, Colombia",https://wa.me/573225389589/,5.0,14,https://maps.google.com/?cid=17423113191256703673&g_mp=Cidnb29nbGUubWFwcy5wbGFjZXMudjEuUGxhY2VzLlNlYXJjaFRleHQQAhgEIAA
Taller de Motos,42162026,"Cra. 38 #49-32, La Candelaria, Medellín, La Candelaria, Medellín, Antioquia, Colombia",No disponible,4.0,8,https://maps.google.com/?cid=8041686260158099568&g_mp=Cidnb29nbGUubWFwcy5wbGFjZXMudjEuUGxhY2VzLlNlYXJjaFRleHQQAhgEIAA
Einer Motos,300 8100792,"Cl. 59 # 47-52, La Candelaria, Medellín, La Candelaria, Medellín, Antioquia, Colombia",No disponible,4.9,17,https://maps.google.com/?cid=17859124059411079019&g_mp=Cidnb29nbGUubWFwcy5wbGFjZXMudjEuUGxhY2VzLlNlYXJjaFRleHQQAhgEIAA
Taller HR motos,314 5484099,"Cl. 46 #39 - 81, Buenos Aires, Medellín, Buenos Aires, Medellín, Antioquia, Colombia",No disponible,5.0,7,https://maps.google.com/?cid=13705249603864634751&g_mp=Cidnb29nbGUubWFwcy5wbGFjZXMudjEuUGxhY2VzLlNlYXJjaFRleHQQAhgEIAA
MotoServicios Arango,313 7144466,"Ecuador #59 - 02, La Candelaria, Medellín, La Candelaria, Medellín, Antioquia, Colombia",http://www.facebook.com/motosarango,4.8,34,https://maps.google.com/?cid=2014489588094759399&g_mp=Cidnb29nbGUubWFwcy5wbGFjZXMudjEuUGxhY2VzLlNlYXJjaFRleHQQAhgEIAA
mecanico de motos a domicilio,300 3827114,"Cl 44 #50 23, La Candelaria, Medellín, La Candelaria, Medellín, Antioquia, Colombia",No disponible,4.3,17,https://maps.google.com/?cid=2741362266767205864&g_mp=Cidnb29nbGUubWFwcy5wbGFjZXMudjEuUGxhY2VzLlNlYXJjaFRleHQQAhgEIAA
Taller de motos el Mostro y Victor M,323 5922298,"Calle 57 La Paz #51D-52, La Candelaria, Medellín, Antioquia, Colombia",No disponible,4.9,7,https://maps.google.com/?cid=14211270837362487883&g_mp=Cidnb29nbGUubWFwcy5wbGFjZXMudjEuUGxhY2VzLlNlYXJjaFRleHQQAhgEIAA
Taller De Motos Eupo,312 8937823,"Cl 44 #42-103, La Candelaria, Medellín, La Candelaria, Medellín, Antioquia, Colombia",No disponible,5.0,2,https://maps.google.com/?cid=11726253022427391013&g_mp=Cidnb29nbGUubWFwcy5wbGFjZXMudjEuUGxhY2VzLlNlYXJjaFRleHQQAhgEIAA
MOTOS Y SERVITECAS MEDELLIN,314 7099539,"Cl. 29 #44-47, El Poblado, Medellín, El Poblado, Medellín, Antioquia, Colombia",https://motosyservitecas.com/,4.9,75,https://maps.google.com/?cid=18099340702384042898&g_mp=Cidnb29nbGUubWFwcy5wbGFjZXMudjEuUGxhY2VzLlNlYXJjaFRleHQQAhgEIAA
Taller de motos El Calvo,No disponible,"Ecuador #61-04, La Candelaria, Medellín, La Candelaria, Medellín, Antioquia, Colombia",No disponible,4.6,14,https://maps.google.com/?cid=15558839315460904883&g_mp=Cidnb29nbGUubWFwcy5wbGFjZXMudjEuUGxhY2VzLlNlYXJjaFRleHQQAhgEIAA
MOTO ALIANZA,316 7441346,"Cra. 52a #39-77, La Candelaria, Medellín, La Candelaria, Medellín, Antioquia, Colombia",No disponible,4.8,18,https://maps.google.com/?cid=10555580707412086635&g_mp=Cidnb29nbGUubWFwcy5wbGFjZXMudjEuUGxhY2VzLlNlYXJjaFRleHQQAhgEIAA
MOTO ACME,314 5078971,"Cra. 45 #40-51, La Candelaria, Medellín, La Candelaria, Medellín, Antioquia, Colombia",https://www.instagram.com/motoacme?igsh=MWtjYnNpYTlyMnF6NA==,4.8,35,https://maps.google.com/?cid=1665552281646999746&g_mp=Cidnb29nbGUubWFwcy5wbGFjZXMudjEuUGxhY2VzLlNlYXJjaFRleHQQAhgEIAA
BravoMotos,45577295,"Cra. 45 #42-95, La Candelaria, Medellín, La Candelaria, Medellín, Antioquia, Colombia",https://instagram.com/bravomotosmitaller?igshid=zw9uw5f2llzo,4.5,15,https://maps.google.com/?cid=9556846273755780089&g_mp=Cidnb29nbGUubWFwcy5wbGFjZXMudjEuUGxhY2VzLlNlYXJjaFRleHQQAhgEIAA
Torque Motos,311 3772879,"Cra. 53 #38-45, La Candelaria, Medellín, La Candelaria, Medellín, Antioquia, Colombia",https://wa.link/h1b7zs,4.5,77,https://maps.google.com/?cid=9835065880644225755&g_mp=Cidnb29nbGUubWFwcy5wbGFjZXMudjEuUGxhY2VzLlNlYXJjaFRleHQQAhgEIAA
REPARACIONES JG,312 7607498,"Cra. 52 #5746, La Candelaria, Medellín, La Candelaria, Medellín, Antioquia, Colombia",https://reparacionesjg.wixsite.com/website,4.8,69,https://maps.google.com/?cid=8288662040533555150&g_mp=Cidnb29nbGUubWFwcy5wbGFjZXMudjEuUGxhY2VzLlNlYXJjaFRleHQQAhgEIAA
Mecánico de motos,304 3303555,"Boston, La Candelaria, Medellín, La Candelaria, Medellin, Antioquia, Colombia",No disponible,3.5,8,https://maps.google.com/?cid=6494409599587682601&g_mp=Cidnb29nbGUubWFwcy5wbGFjZXMudjEuUGxhY2VzLlNlYXJjaFRleHQQAhgEIAA
Motobox,311 4072911,"Cra. 48 #35-31, La Candelaria, Medellín, La Candelaria, Medellín, Antioquia, Colombia",http://www.motobox.com.co/,4.6,128,https://maps.google.com/?cid=3672107981808596709&g_mp=Cidnb29nbGUubWFwcy5wbGFjZXMudjEuUGxhY2VzLlNlYXJjaFRleHQQAhgEIAA
WC Motos Medellín,319 4601870,"Cl. 54 # 34-77, Medellín, Villa Hermosa, Medellín, Antioquia, Colombia",No disponible,3.8,13,https://maps.google.com/?cid=10025936260223260576&g_mp=Cidnb29nbGUubWFwcy5wbGFjZXMudjEuUGxhY2VzLlNlYXJjaFRleHQQAhgEIAA
Arias motos,300 6223911,"Cl. 41 #42-15, La Candelaria, Medellín, La Candelaria, Medellín, Antioquia, Colombia",No disponible,4.4,8,https://maps.google.com/?cid=9826207849118165394&g_mp=Cidnb29nbGUubWFwcy5wbGFjZXMudjEuUGxhY2VzLlNlYXJjaFRleHQQAhgEIAA
Full Moto Taller,45138743,"Cl. 60 / Miranda #54-20, La Candelaria, Medellín, La Candelaria, Medellín, Antioquia, Colombia",No disponible,4.9,9,https://maps.google.com/?cid=17048169839993543893&g_mp=Cidnb29nbGUubWFwcy5wbGFjZXMudjEuUGxhY2VzLlNlYXJjaFRleHQQAhgEIAA
Moto Tech - Reparación y Mantenimiento de Motos,(604) 2606464,"Tv. 51a #67-51, Laureles - Estadio, Medellín, Laureles, Medellín, Antioquia, Colombia",https://www.facebook.com/profile.php?id=100022590536166,5.0,4,https://maps.google.com/?cid=9144342833894004830&g_mp=Cidnb29nbGUubWFwcy5wbGFjZXMudjEuUGxhY2VzLlNlYXJjaFRleHQQAhgEIAA
Taller Moto R,310 4178617,"Cl. 59 #51-06, La Candelaria, Medellín, La Candelaria, Medellín, Antioquia, Colombia",https://www.tiktok.com/@tallermotor?_t=8papZDyb8RZ&_r=1,3.5,4,https://maps.google.com/?cid=7600860160355261754&g_mp=Cidnb29nbGUubWFwcy5wbGFjZXMudjEuUGxhY2VzLlNlYXJjaFRleHQQAhgEIAA
Puesta A Punto Medellín,311 6187388,"La Bayadera, Cl. 38 #52a-08, La Candelaria, Medellín, La Candelaria, Medellín, Antioquia, Colombia",https://wa.link/0m64hp,4.6,55,https://maps.google.com/?cid=16026950546132280435&g_mp=Cidnb29nbGUubWFwcy5wbGFjZXMudjEuUGxhY2VzLlNlYXJjaFRleHQQAhgEIAA
Jac Motos Taller Y Almacen,304 6507667,"Cl. 59 #46-30, La Candelaria, Medellín, La Candelaria, Medellín, Antioquia, Colombia",No disponible,5.0,4,https://maps.google.com/?cid=9937708900087192433&g_mp=Cidnb29nbGUubWFwcy5wbGFjZXMudjEuUGxhY2VzLlNlYXJjaFRleHQQAhgEIAA
El taller d' motos S&T,319 2344948,"Cl. 37A #88 22, Cristóbal, Medellín, La América, Medellín, Antioquia, Colombia",No disponible,5.0,83,https://maps.google.com/?cid=9970027915710029550&g_mp=Cidnb29nbGUubWFwcy5wbGFjZXMudjEuUGxhY2VzLlNlYXJjaFRleHQQAhgEIAA
taller mejor motos bakero,45137671,"Cl. 57 #51D 52, La Candelaria, Medellín, La Candelaria, Medellín, Antioquia, Colombia",No disponible,4.3,15,https://maps.google.com/?cid=16842864318921880680&g_mp=Cidnb29nbGUubWFwcy5wbGFjZXMudjEuUGxhY2VzLlNlYXJjaFRleHQQAhgEIAA
A J Convergencia motos,321 4649623,"C. 50 #70 - 30, Laureles - Estadio, Medellín, Laureles, Medellín, Antioquia, Colombia",No disponible,4.8,153,https://maps.google.com/?cid=6467061332118374399&g_mp=Cidnb29nbGUubWFwcy5wbGFjZXMudjEuUGxhY2VzLlNlYXJjaFRleHQQAhgEIAA
Arcemotos,301 7186891,"Cra. 53 # 38 - 43, La Candelaria, Medellín, La Candelaria, Medellín, Antioquia, Colombia",http://arcemotoslabayader.wixsite.com/modificatumoto,4.8,9,https://maps.google.com/?cid=14876814890582508032&g_mp=Cidnb29nbGUubWFwcy5wbGFjZXMudjEuUGxhY2VzLlNlYXJjaFRleHQQAhgEIAA
Taller Metro Plus,311 7443423,"Cl. 57 #51D-52, La Candelaria, Medellín, La Candelaria, Medellín, Antioquia, Colombia",No disponible,5.0,1,https://maps.google.com/?cid=15203380307936357005&g_mp=Cidnb29nbGUubWFwcy5wbGFjZXMudjEuUGxhY2VzLlNlYXJjaFRleHQQAhgEIAA
Macromotos,314 8482364,"Cl 44 #68-75, Laureles - Estadio, Medellín, Laureles, Medellín, Antioquia, Colombia",No disponible,4.6,534,https://maps.google.com/?cid=1281626021788994557&g_mp=Cidnb29nbGUubWFwcy5wbGFjZXMudjEuUGxhY2VzLlNlYXJjaFRleHQQAhgEIAA
Taller De Motos G Y D,No disponible,"Cl. 50b #38 12, La Candelaria, Medellín, La Candelaria, Medellín, Antioquia, Colombia",No disponible,2.5,2,https://maps.google.com/?cid=338427885756218544&g_mp=Cidnb29nbGUubWFwcy5wbGFjZXMudjEuUGxhY2VzLlNlYXJjaFRleHQQAhgEIAA
Porfin Motos Reparacion de Chasis,No disponible,"Cl. 47 #39-32, La Candelaria, Medellín, La Candelaria, Medellín, Antioquia, Colombia",No disponible,2.3,3,https://maps.google.com/?cid=3062879723103655522&g_mp=Cidnb29nbGUubWFwcy5wbGFjZXMudjEuUGxhY2VzLlNlYXJjaFRleHQQAhgEIAA
Taller La Casa de La Moto,No disponible,"Cl. 57 #5284, La Candelaria, Medellín, La Candelaria, Medellín, Antioquia, Colombia",No disponible,5.0,3,https://maps.google.com/?cid=17241029529405869266&g_mp=Cidnb29nbGUubWFwcy5wbGFjZXMudjEuUGxhY2VzLlNlYXJjaFRleHQQAhgEIAA
Taller Moto,No disponible,"Cl. 37 #52-24, La Candelaria, Medellín, La Candelaria, Medellín, Antioquia, Colombia",No disponible,4.0,5,https://maps.google.com/?cid=477878296069601919&g_mp=Cidnb29nbGUubWFwcy5wbGFjZXMudjEuUGxhY2VzLlNlYXJjaFRleHQQAhgEIAA
Taller De Motos,No disponible,"La Candelaria, Medellín, Antioquia, Colombia",No disponible,4.0,4,https://maps.google.com/?cid=4876065132908702024&g_mp=Cidnb29nbGUubWFwcy5wbGFjZXMudjEuUGxhY2VzLlNlYXJjaFRleHQQAhgEIAA
El CHASIS (motocicletas y atv's),318 7466842,"a 50-16 50-16 Calle 34, La Candelaria, Medellín, Antioquia, Colombia",No disponible,4.6,73,https://maps.google.com/?cid=9680271816158792955&g_mp=Cidnb29nbGUubWFwcy5wbGFjZXMudjEuUGxhY2VzLlNlYXJjaFRleHQQAhgEIAA
Moto 13,320 6672452,"Avenida 33#63-49, Medellín, Belén, Medellín, Antioquia, Colombia",https://www.instagram.com/tallermoto13/,4.7,126,https://maps.google.com/?cid=11491105663963797053&g_mp=Cidnb29nbGUubWFwcy5wbGFjZXMudjEuUGxhY2VzLlNlYXJjaFRleHQQAhgEIAA
Ultramotos Team,311 7873244,"Cra. 51 #38-25, La Candelaria, Medellín, La Candelaria, Medellín, Antioquia, Colombia",No disponible,4.2,66,https://maps.google.com/?cid=7257106836148596062&g_mp=Cidnb29nbGUubWFwcy5wbGFjZXMudjEuUGxhY2VzLlNlYXJjaFRleHQQAhgEIAA
Taller de Motos - La América,301 3077071,"Cra. 81 #42 52, Laureles - Estadio, Medellín, Laureles, Medellín, Antioquia, Colombia",https://ruta80motos.com/,4.1,165,https://maps.google.com/?cid=11290776722517382097&g_mp=Cidnb29nbGUubWFwcy5wbGFjZXMudjEuUGxhY2VzLlNlYXJjaFRleHQQAhgEIAA
ORBIMOTOS- Repuestos y accesorios para motos,317 8939865,"Carrera 52 Carabobo #57-47, La Candelaria, Medellín, Antioquia, Colombia",No disponible,4.3,124,https://maps.google.com/?cid=2140675412279449620&g_mp=Cidnb29nbGUubWFwcy5wbGFjZXMudjEuUGxhY2VzLlNlYXJjaFRleHQQAhgEIAA
TALLER DE MOTOS,No disponible,"La Candelaria, Medellín, Antioquia, Colombia",No disponible,5.0,1,https://maps.google.com/?cid=4558208304145105401&g_mp=Cidnb29nbGUubWFwcy5wbGFjZXMudjEuUGxhY2VzLlNlYXJjaFRleHQQAhgEIAA
MOTORACING MEDELLIN,No disponible,"Cra. 50 #36-38, La Candelaria, Medellín, La Candelaria, Medellín, Antioquia, Colombia",No disponible,5.0,12,https://maps.google.com/?cid=16689561857963894084&g_mp=Cidnb29nbGUubWFwcy5wbGFjZXMudjEuUGxhY2VzLlNlYXJjaFRleHQQAhgEIAA
Estopa Motos,(604) 3228768,"Cl. 38 #51-20, La Candelaria, Medellín, La Candelaria, Medellín, Antioquia, Colombia",No disponible,4.5,245,https://maps.google.com/?cid=14754858541015302523&g_mp=Cidnb29nbGUubWFwcy5wbGFjZXMudjEuUGxhY2VzLlNlYXJjaFRleHQQAhgEIAA
Motobum Medellin,311 2262703,"Llegando a la bomba Terpel de palos verdes, Cl 66 #45 27, La Candelaria, Medellín, La Candelaria, Medellín, Antioquia, Colombia",No disponible,5.0,12,https://maps.google.com/?cid=15662175669467172708&g_mp=Cidnb29nbGUubWFwcy5wbGFjZXMudjEuUGxhY2VzLlNlYXJjaFRleHQQAhgEIAA
PARQUEADERO DE MOTOS MOTO CHEO,No disponible,"Cra. 49 #45, La Candelaria, Medellín, La Candelaria, Medellín, Antioquia, Colombia",No disponible,4.0,1,https://maps.google.com/?cid=3046496582844882389&g_mp=Cidnb29nbGUubWFwcy5wbGFjZXMudjEuUGxhY2VzLlNlYXJjaFRleHQQAhgEIAA
Taller de motos HH,324 2799815,"Reparación de motos HH, Cra. 73 #30-12, rosales, Medellín, Belén, Medellín, Antioquia, Colombia",https://business.google.com/es-all/google-ads/?pli=1,5.0,36,https://maps.google.com/?cid=9406700700060231623&g_mp=Cidnb29nbGUubWFwcy5wbGFjZXMudjEuUGxhY2VzLlNlYXJjaFRleHQQAhgEIAA
Taller Autorizado,313 7175375,"Cra. 31 #4143, Buenos Aires, Medellín, Buenos Aires, Medellín, Antioquia, Colombia",No disponible,5.0,1,https://maps.google.com/?cid=10903965042374877788&g_mp=Cidnb29nbGUubWFwcy5wbGFjZXMudjEuUGxhY2VzLlNlYXJjaFRleHQQAhgEIAA
TALLER JS RIDERS,304 3544513,"Cl. 45 #36-69, El Salvador, Medellín, Buenos Aires, Medellín, Antioquia, Colombia",No disponible,4.8,6,https://maps.google.com/?cid=9296516385505598418&g_mp=Cidnb29nbGUubWFwcy5wbGFjZXMudjEuUGxhY2VzLlNlYXJjaFRleHQQAhgEIAA
Moto Medellín,319 4434391,"Cra 44 #66-114, Manrique Central II, Medellín, Villa Hermosa, Medellín, Antioquia, Colombia",https://motomedellin.com.co/,4.5,79,https://maps.google.com/?cid=5050495611763776224&g_mp=Cidnb29nbGUubWFwcy5wbGFjZXMudjEuUGxhY2VzLlNlYXJjaFRleHQQAhgEIAA
taller reparación de motocicletas,42357646,"Av. 33 #65e-55, Medellín, Belén, Medellín, Antioquia, Colombia",No disponible,4.4,7,https://maps.google.com/?cid=9892735247670145773&g_mp=Cidnb29nbGUubWFwcy5wbGFjZXMudjEuUGxhY2VzLlNlYXJjaFRleHQQAhgEIAA
MULTIMOTOS LA 37,314 8143111,"Cl. 37 #52-126, La Candelaria, Medellín, La Candelaria, Medellín, Antioquia, Colombia",No disponible,4.3,76,https://maps.google.com/?cid=17130400201752265132&g_mp=Cidnb29nbGUubWFwcy5wbGFjZXMudjEuUGxhY2VzLlNlYXJjaFRleHQQAhgEIAA
"TONI MOTOS Repuestos, Llantas y Aceites",315 2336789,"Cl. 38 #52 79, La Candelaria, Medellín, La Candelaria, Medellín, Antioquia, Colombia",https://instagram.com/tonimotos_mototienda?igshid=YmMyMTA2M2Y=,4.2,48,https://maps.google.com/?cid=2240829599939219573&g_mp=Cidnb29nbGUubWFwcy5wbGFjZXMudjEuUGxhY2VzLlNlYXJjaFRleHQQAhgEIAA
Moto Pits,44446218,"Cra. 52 #4150, La Candelaria, Medellín, La Candelaria, Medellín, Antioquia, Colombia",No disponible,4.2,17,https://maps.google.com/?cid=4257039789314760762&g_mp=Cidnb29nbGUubWFwcy5wbGFjZXMudjEuUGxhY2VzLlNlYXJjaFRleHQQAhgEIAA
Taller de motos Pa Motos,313 2118032,"Cl 34 # 45-27, La Candelaria, Medellín, La Candelaria, Medellín, Antioquia, Colombia",https://www.amarillasenlared.com/anuncio/pa-motos/,4.0,7,https://maps.google.com/?cid=7623049644663431768&g_mp=Cidnb29nbGUubWFwcy5wbGFjZXMudjEuUGxhY2VzLlNlYXJjaFRleHQQAhgEIAA
UNIMOTOS MEDELLIN,(604) 2324180,"Cl. 38 #52-113, La Candelaria, Medellín, La Candelaria, Medellín, Antioquia, Colombia",No disponible,4.6,69,https://maps.google.com/?cid=1394627529076977704&g_mp=Cidnb29nbGUubWFwcy5wbGFjZXMudjEuUGxhY2VzLlNlYXJjaFRleHQQAhgEIAA
Taller De Motos,No disponible,"Cra. 32, Gerona, Medellín, Buenos Aires, Medellín, Antioquia, Colombia",No disponible,5.0,3,https://maps.google.com/?cid=14701484284427218905&g_mp=Cidnb29nbGUubWFwcy5wbGFjZXMudjEuUGxhY2VzLlNlYXJjaFRleHQQAhgEIAA
